motif_id,consensus,peptide,seqlet,start,end,score
1,KSAK,KWKSFAKTFKSAKKTVAHTALKAISS,KSAK,-1,-1,0.0003650203907454852
1,KSAK,GVLGTVKNLLIGAGKSAAQSVLKTLSCKLSNDC,KSA,-1,-1,0.0005033046860868732
10,AIAISS,KWKSFAKTFKSAKKTVAHTALKAISS,LKAISS,-1,-1,0.00010147110991126213
10,AIAISS,KWKSFLKTFKSLKKTVLHTLLKAISS,AISS,-1,-1,7.973426825349004e-05
4,GAIN,FIGGLRRLFATVVGTVVGAINKLGGG,GAIN,-1,-1,0.00040268927477882244
4,GAIN,LNWGAILKHIKK,GAI,-1,-1,0.0005236446547011534
2,WAAL,FWGALAKGALKLIGVGSLFSSFSKKD,WGAL,-1,-1,0.0007713803061051294
2,WAAL,LNWGALLKHLLK,GAL,-1,-1,0.0008834076191609105
3,VLHTALKA,KWKSFLKTFKSAKKTGLHTALKAISS,GLHTALKA,-1,-1,0.00040432788591715507
3,VLHTALKA,KWKSFLKTFKVAVKTVLHTALKAISS,VLHTALKA,-1,-1,0.00034310266346437857
47,LKF,KLKFPKLKFP,LKF,-1,-1,0.000903456142016997
47,LKF,PHVALKPGKLKFIIPSPKRPVKLLSG,LKF,-1,-1,0.00033164590179997805
6,IAK,FLSLIPHAINAVSAIAKHN,IAK,-1,-1,0.0006292548714554869
6,IAK,KAIAKSILKWIKSIAKAI,IAK,-1,-1,0.0002583775349194184
6,IAK,GILKSLLKKLKKIIAK,IAK,-1,-1,4.5538915751072076e-05
9,NLA,HFLGKLVNLAKKIL,NLA,-1,-1,0.0010544421578136582
9,NLA,HKLGTLVNLAKKIL,NLA,-1,-1,0.002142098693487545
21,LKK,GVLSNVIGYLKKLGTGALNAVLKQ,LKK,-1,-1,0.001026797709831347
21,LKK,LKKWLKKWLKK,LKK,-1,-1,0.00010411510932802533
23,GALF,FLGALFKALSKLL,GALF,-1,-1,0.0013489840494003147
23,GALF,GALFKVASKVL,GALF,-1,-1,0.0006564209688804112
12,WWWWW,KQRWLWLW,LWLW,-1,-1,0.00012431239771943254
12,WWWWW,KQKWLWLW,WLWLW,-1,-1,0.00020860612970024633
11,GGIAG,FKIPPIVKDTLKKFFKGGIAGVMGQ,GGIA,-1,-1,0.00027165610663359985
11,GGIAG,ITIPPIIKDTLKKFFKGGIAGVMGKSQ,GGIAG,-1,-1,0.0003363953088410199
5,LPFPFPGPG,PLPFPRPGPRPIPRPLPFPRPGPRPIPRP,LPFPRPGPR,-1,-1,0.00012671338400751766
5,LPFPFPGPG,PRPPRLPRPRPRPLPFPRPG,RPLPFPRPG,-1,-1,0.0001744035698720836
13,LPF,PLPFPRPGPRPIPRPLPFPRPGPRPIPRP,LPF,-1,-1,0.0004055264459263223
13,LPF,PRPPRLPRPRPRPLPFPRPGPRPIPRPLPFP,LPF,-1,-1,0.0005885779585999747
14,AAA,LKAAAAAAKLAAKAAKAALKAAAAAAKL,AAA,-1,-1,7.017401064028188e-05
14,AAA,LAAKLTKAATKLTAALTKLAAALT,AAA,-1,-1,0.00013371958387627578
25,VAS,FLGALFKVASK,VAS,-1,-1,0.0005955832166364416
25,VAS,FWGALFKVASK,VAS,-1,-1,0.000626686077642565
24,KLG,KKLGEPSCNKLK,KLG,-1,-1,0.00011306902645931889
24,KLG,HKLGTLVNLAKKIL,KLG,-1,-1,0.0012267049363193412
7,SKV,SKVWRHWRRFWHRAHRKK,SKV,-1,-1,0.0005474419352443268
7,SKV,GVVDILKGAAKAIAGHLASKVMNKL,SKV,-1,-1,0.0008442362692827979
44,KKC,GGLIKIVPAMICAVTKKC,KKC,-1,-1,9.630878916001305e-05
44,KKC,FLPILAGLAAKIVPKLFCLATKKC,KKC,-1,-1,8.421502291009977e-05
0,AAAA,KGRGKQGGKVRAKAKTRSS,RAKA,-1,-1,0.0007908512197900563
0,AAAA,KAAAKWAAKAAK,AKA,-1,-1,0.0006180983182275668
